X,y
"""U.S. economic growth has sharply decelerated since early December. In the current macro environment, we recommend investors own stocks . ",-1
If you needed a sign that the global economy is not going along with the program .  The company's shares are down eight percent as earnings fell short for the .,-1
Many businesses are ill-equipped or unwilling to deal with opioid addiction even as it has driven up health costs and hurt productivity.,-1
"As U.S.-China Trade War Rages, Some Australian Farmers See an Opportunity",1
Video Games Impact the Economy More Than You Think,1
"Cargill, Bunge and other global traders have halted food supply deals with Iran because new U.S. sanctions have paralyzed banking systems required to secure payments, industry and Iranian government sources say.",-1
"SAN FRANCISCO — As the United States economy muddled along over the last few .  P/E, as stock analysts call it, is a measurement of a company's stock price .",-1
China's economy is getting sick. Will it infect America?,-1
Boeing Co wins $4.1 billion U.S. defense contract: Pentagon,1
"The huge mills along the Penobscot River roared virtually nonstop for more than a century, turning the dense Maine forests into paper and lifting the thousands of men who did the hot and often backbreaking work into the middle class.",-1
Stocks slide on renewed fears of a global economic slowdown,-1
Chinese Firms Put Cash to Work in Stocks,1
China's CDH targets raising $1 billion in venture capital arm: sources,1
Why some U.S. fund managers like China regardless of trade deal,1
"Onion farmers, consumers suffer as traders sit on stocks",-1
The economist Robert Shiller says the rise in housing prices is the third biggest since 1913. The biggest boom ended disastrously in 2006.,-1
US stocks suffer amid DC tumult; Dow has worst week in a decade,-1
Capital gains tax rates benefiting wealthy are protected by both parties,1
he standard future scenario in their computer projections showed positive growth in both the population and the economy until the mid-21st century,1
"Faced with mounting grain stocks, the food ministry has expedited the process of setting up modern grain silos with capacity of two million tonnes in the major .",1
Better economic data needed before Wall Street can rise back to all-time highs.,1
Taxes are rising. Regulation is tightening. State-run firms are ascendant. That could spell problems for a country where economic growth is slowing.,-1
"Dealmakers celebrating their third-strongest year on record are fretting 2019 will herald a steep drop in mergers and acquisitions worldwide, as market jitters and economic uncertainty take their toll.",-1
Markets Are Revealing the Sum of All Risks,-1
"When Designer Steel From Lapland Makes Sense, DespiteTariffs",-1
Audits and criminal referrals are down sharply since Congress cut the tax agency’s budget and management changed priorities.,-1
Chilling Davos: A Bleak Warning on Global Division and Debt,-1
"Looking back, there were seven outstanding recession-proof stocks that managed .  an idea about what qualities the market rewards in times of economic crisis.",-1
China services growth adds to economic revival hopes,1
Air France-KLM shares slump on surprise Dutch stake buy,-1
Dow closes down triple digits; stocks spooked by Fed statement on .,-1
"During its decades of rapid growth, China thrived by allowing once-suppressed private entrepreneurs to prosper, often at the expense of the old, inefficient state sector of the economy.",1
"Hong Kong and China stocks shot up Tuesday, after the Chinese .  and small enterprises amid a slowing economy and the US-China trade war. .  Geely Automobile, whose parent company also owns Sweden's Volvo Cars, . ",1
Giving a CEO too many stock options can make a company perform .,1
Visions of a Tech Hub? Landing Amazon Is Just a Start,1
"A U.S. Trade Complaint, Tech Earnings and Jobs Numbers",-1
"This start-up is promising a revolution, and Wall Street is pushing back",1
Alibaba Feels the Pinch From China’s Slowing Economic Growth,-1
"General Electric has a solid business and looks pretty good at these prices, he muses. . . But as an investor who has seen dozens of economic downturns, Kahn .",1
Rising gas prices are a growing threat to the American way of life,-1
"First and foremost, don't abandon stocks. As long as inflation doesn't ramp up to the double-digit levels of the 1970s and early 1980s — a scenario I consider .",1
Global warming's economic tax hits restaurant stocks. The most visible evidence of how global warming could impact a company's stock price occurred on July .,-1
"A sell-off in stocks accelerated Monday afternoon following the news of explosions .  The Chinese economy grew 7.7% in the first quarter, compared with a year earlier. . . The indexes for general business conditions and new orders remained .",-1
"Jack Dorsey of Twitter and Marc Benioff of Salesforce, among others, are sparring over a Nov. 6 ballot initiative that would impose new corporate taxes.",-1
Tempting JSE stocks emerge amid SA's economic woes,-1
Stocks Suffer Sharpest Drop Since 2008,-1
His message to investors seemed to repair the damage from his remarks two weeks ago.,1
Elizabeth Warren Wants a Wealth Tax. How Would That Even Work?,-1
US stocks skid deeper on tech sell-off,-1
"PRINCETON, NJ -- Even as stocks have returned to lofty heights from their March 2009 lows, the percentage of Americans saying they hold individual stocks, .",-1
"India's drugs regulator has ordered Johnson & Johnson to stop manufacturing its Baby Powder using raw materials in two of its Indian factories until test results prove they are free of asbestos, a senior official said on Thursday.",-1
"Housing Market Slows, as Rising Prices Outpace Wages",-1
"With 8 Years of Job Gains, Unemployment Is Lowest Since 1969",1
"The Nikkei 225 average climbed 133.65 points, or 0.62 percent, to end at 21,584.50. On Friday, the key market gauge rose 163.83 points.",1
"By the mid-1990s, the economy was starting to boom again, too. How could it .  He even gave the company his initials, DJT, as its stock ticker symbol. Its debts .",-1
US stocks rattled as two industrial giants warn of trouble,-1
Bond funds soar as stocks slump and hopes for economy start to dim,-1
"Jobs, Factories and Stocks Provide Economic Lift for Trump",1
"With the Economy Uncertain, Tech ‘Unicorns’ Rush Toward I.P.O.",-1
Maximizing shareholder value: The goal that changed corporate,1
The company's initial public offering on the New York Stock Exchange will .  Alibaba's IPO represents some much bigger trends shaping the world economy.,1
Huawei's profits jump by 25% despite US efforts to curtail its business,1
"From Apple to Nvidia, tech companies say business is slowing. Among the reasons: China and a Bitcoin slump. It may be just a bump — until it’s not.",-1
American Airlines extends Boeing 737 MAX flight cancellations through April 24,-1
Europe’s largest economy showed no growth in the fourth quarter as steel tariffs hit manufacturers and sales to China declined.,-1
"U.S. fines American Airlines, Delta for long tarmac delays",-1
"Earlier this month, Goldman Sachs downgraded stocks to ""underweight"" as part of its .  have said it was important for companies to get on with their business.",-1
"Beijing’s proposed concessions may help both sides, but may not alleviate the tensions fueling its economic conflict with the United States.",-1
The e-commerce giant lowered its estimate for revenue growth this year as challenges mount for the world’s second largest economy.,-1
"Hard Lessons (Thanks, Amazon) Breathe New Life Into Retail Stores",1
FedEx Corp this summer plans to begin testing a robot to handle home deliveries for partners ranging from Walmart Inc to Pizza Hut.,1
IT stocks here on hot streak,1
Dow rises nearly 200 points after the US and Canada strike a deal to replace NAFTA,1
"The impact on companies that do business internationally is muted by their .  The relative strength of the yen has little economic effect on these companies until they .  The movement of currencies is subject to many factors, but like stocks, the .",-1
Stocks in Asia and Europe sink on fears of slowing growth,-1
"Ford Versus Chevy: Comparing Business Models and Strategies (F, GM)",1
China and U.S. to Continue Trade Talks Next Week,-1
"India is world's biggest investment opportunity, says a bullish Mukesh .",1
Market cap to GDP ratio signals upside for stocks,-1
Delta's profit tumbles on higher costs; passenger unit revenue rises,-1
"Upbeat data helped send world shares to a fourth all-time high in less than a month on Thursday as Wall Street edged higher in anticipation of solid earnings, while crude oil gained on evidence of stronger demand in China.",1
Asian stocks dip after US credit downgrade,-1
The Stock Market Typically Rises After Midterm Elections. This Year Is Anything but Typical.,-1
Stocks rebound after fake tweet spooks investors,1
Legendary economist Gary Shilling explains how you can beat the .,1
"Two principal factors account for the losses: lost economic business activity .  and if the housing stock is replaced with better homes that are sturdier, than on net .",-1
"As stock prices started tumbling in the first trading days of the year, many Wall .  chief executive of BlackRock, the world's largest money management company.",-1
"Glencore said trade barriers are its ""foremost risk"", but climate, political, legal and other potential dangers have become more pressing for the mining and trading group.",-1
"Many of the big economic questions in coming decades will come down to just how extreme the weather will be, and how to value the future versus the present.",-1
Bayer CEO says his team retains backing of supervisory board: report,-1
"Although all these trends would appear to bode poorly for stocks, on the theory that a weak economy reduces investor appetite for risk, there's a problem with .",-1
"Campbell Soup beats earnings estimates, shares rise",1
3 Reasons Why Apple's Stock Is Tanking Right Now,-1
"The basket of stocks we looked at are up an average of 12-percent in 2012. .  favorable economic trends in the U.S., a warm winter has been great for business.",1
U.S. auto sales fall in February on weak SUV demand,-1
"""Surprisingly, despite the challenges facing the economy, the stock market has .  External auditors noted that the company's ""going concern"" status was in .",-1
"Unions representing civil servants might be expected to speak in unison on getting their members back to work, but differences in tactics and philosophy are emerging.",-1
"Rattled by Vale disaster, mining CEOs move to change industry",-1
"There's a bigger, scarier problem lurking behind China's recent stock market crash: The basics of its economy are totally out of whack, forcing it to grow in a .",-1
"WASHINGTON, D.C. -- Half of Americans say investing $1,000 in the stock market .  Despite economic booms and busts, however, a majority of Americans have .",-1
"In stark contrast to the U.S., where a bull market continues, investors are pulling out of developing economies as the economic and financial risks mount.",-1
"The Dallas Mavericks owner, who's been a staunch Trump opponent throughout this election cycle, took it up a notch on Tuesday, telling Fox Business host Neil .",-1
"Political stumbles, savvy activists knock Canada's oil sector to its knees",-1
The surge in the stock market since Donald Trump was elected president last November raises the prospect that a surge in business and investor confidence is .,1
"Amazon and Google are aggressively opening offices outside of their Silicon Valley and Seattle hometowns. On Thursday, Apple said it would invest $1 billion in Austin, Tex.",1
Mexico eyes fresh U.S. targets for tariffs to pressure Trump over steel,-1
Nevada casino regulators said on Tuesday they had fined Wynn Resorts Ltd $20 million in a settlement with the company involving misconduct claims against former chief executive Steve Wynn.,-1
"Have a look at just about any Russell 2,000 stock at around noon as the volume . . The free market attempted to obliterate this sector of the economy and punish .",-1
IBM revenue has fallen for 20 quarters — but it used to run its business .,-1
"President Trump gave U.S. steel companies a shot in the arm Thursday when he doubled down on his trade threats. Shares of AK Steel (AKS), Nucor (NUE), .",-1
Watch Out. Tax Season Is Even More Stressful Than Usual.,-1
Global stocks slide amid concerns about world economy,-1
"EU states block putting Saudi Arabia, U.S. territories on dirty-money list",-1
"But one under-appreciated factor is a pervasive business model that encourages .  and for our broader economy,” Fink wrote, adding that favoring shareholders .",-1
"In US, 54% Have Stock Market Investments, Lowest Since 1999",-1
A localized recession in manufacturing-heavy areas can explain a lot of things.,-1
Hyundai Motor says to lift auto operating margin to 7 percent by 2022,1
Stock Indexes Fell on the Fed's View on the Economy. Here's Why,-1
"After months of refusals to back down, the government blinked, saying it would shave billions of euros off its budget to avoid financial penalties from the E.U.",-1
"Stock markets across the globe have been on the upswing over the past few months .  Meanwhile, there are now hopes of a recovery in the Japanese economy, .",1
The stock market resumed its free fall Monday on mounting fears about the stalling economy and worries that the government had few options to increase . . nearing a double-dip recession as everyone from consumers to businesses retrench.,-1
"The pervasive U.S. economic recession with bank failures that came to be .  The Asian economic crisis, currency devaluation and speculation in stock and .",-1
U.S. President Donald Trump said this week he may soon sign a deal with Chinese President Xi Jinping to end a trade war blamed for slowing global economic growth and disrupting markets.,1
"Automakers on Friday reported a decline in U.S. light vehicle sales for February as demand for SUVs slows after years of rapid growth, pointing to a drop in overall sales in 2019.",-1
Mylan NV shares slid 10 percent on Wednesday after the generic drug maker predicted poor 2019 earnings that led some Wall Street analysts to wonder if its finances would worsen further.,-1
"According to Reliance Capital Markets, a Chicago-based company that sells .  that could be a sell signal, and a manager might start putting shorts on stocks.",1
"The August jobs numbers suggest an economy that is starting to strain at its capacity, as the labor force shrank and wages rose.",-1
"Wall Street stocks fell sharply in volatile trading on Friday, with the Nasdaq confirming it is in a bear market, as concerns of slowing economic growth led investors to flee stocks in high-valuation sectors such as technology and communication services.",-1
"It you held a portfolio of the ten best stocks in the S&P 500 since the start of the year, .  Sales from its paint stores were a huge boost to the company's performance, .  Along with progress that correlates with the improving economy, Pulte has .",1
Japanese stock markets fell more than six percent Monday as the country's .  the Bank of Japan's vow to keep the economy--the third-largest in the world--on track. .  of plants and businesses in the more heavily industrialized Tohoku region.,-1
"The economy has been fairly strong, but economists are nearly unanimous in concluding that President Trump’s economic policies are destructive.",-1
"Optimism on economy, stocks surges since Trump election: CNBC survey .  from two priorities he has discussed at length, business tax cuts and deregulation.",1
"For much of the past 16 months, however, as stock prices stormed back, investors have been focused on the prospects of an inflationary spike, but history shows .",-1
IBM: when corporations took care of their employees,1
The dollar gained on Friday as investors sought the currency's safety amid persistent equity market volatility and a possible U.S. government shutdown.,-1
By Mark Zandi for CNN Business Perspectives .  way out of the conflict with China as the damage to the stock market and economy mounts.,-1
"Venture Corp said that while its traditional medical technology, healthcare and life science-related business goes back many years, it had more than doubled in .",1
Factbox: Past Nasdaq bear markets lasted long and cut deep,-1
Nevada regulators fine Wynn Resorts $20 million in settlement,-1
How Does The Yen Affect American Finance?,-1
"When Rep. Alan Grayson's telecom company went public in the 1990s, he cashed out with millions, sunk his money into the stock market and built the fortune .",-1
Mylan shares sink as bleak profit outlook sparks growth concerns,-1
"If stocks continue to appreciate at a 3% higher rate than the economy itself, then stockholders will command not only a disproportionate share of wealth but .",-1
China Seeks Allies as Trump’s Trade War Mounts. It Won’t Be Easy.,-1
Volkswagen's flagship VW brand missed margin goal in 2018: Spiegel,-1
Nearly 100% of corporations say there will be no US recession this . ,1
Silos in 4 states to make space for growing grain stocks,1
"Tesla Inc's sudden decision to shutter the bulk of its stores around the world raises a red flag over the future of its solar branch, a declining business it paid $2.6 billion for in a controversial 2016 deal.",-1
"From planning to harvest, the grain belt’s rhythms and prospects have been disrupted by the government’s tariff battle with China.",-1
It is a good time to accumulate banking stocks',-1
Fed Chairman Powell to Markets: I Hear You,1
"The Markets Are Up, Unemployment Is Down. How Much Credit .",1
Canada to allow extradition case against Huawei executive,-1
"American Airlines was fined $1 million and Delta Air Lines Inc $750,000 for violating federal rules barring lengthy tarmac delays at U.S. airports, the U.S. Transportation Department said on Thursday.",-1
Trump needs a reminder that the stock market isn't the economy,-1
Here are five ways things could get bad for everyone.,-1
Stocks Fall Back Into Negative Territory for 2018 as Economic . ,-1
Will the Internet Destroy the Stock Market?,-1
"Forecasters, investors and policymakers lack many of the reports they rely on, just as concerns grow that the nation’s economic expansion could be ending.",-1
"Southwest Airlines Co said on Wednesday it won approval from the U.S. Federal Aviation Administration to begin flying to Hawaii from California, clearing the way for the low-cost carrier to move forward with a key part of its 2019 growth plan.",1
"Just when we thought we were out, global deflationary forces have pulled us back in.",-1
"Others bought stocks in financial firms that would later be saved by the federal .  in which Paulson and Bernanke warned of the coming economic cataclysm, .  Hathaway stock in the days before the Warren Buffett-run holding company bought .",-1
"If you've noticed the steep upward trajectory of the stock market over the past few .  “The health of the financial system might matter less for the real economy .  for getting money into productive businesses, but for getting money out of them."".",1
The slow level of employment growth is not a sign of a stagnant economy. It is the result of .  The stock's valuation is writing checks the company can't cash.,1
"U.S. and China Extend Talks, but Final Deal Remains Elusive",1
Stock Market Ends Sharply Lower as Worries About Economy Surface,-1
A Historical Cycle Bodes Ill for the Markets,-1
Bernanke: Fed's actions led to stock rally,1
Confusing signals from Washington send markets plunging,-1
"The jeans may be skinny. But the returns on the shares have been fat. Share prices of Fast Retailing, the Japanese retail giant that owns global fast-fashion .",1
Japan Bond Yield Slides Below Zero and Stocks Fall,1
"With more start-up businesses per capita than anywhere else in the world, Israel .  well above its average in all of the metrics that define a successful economy.",1
"If it persists, a steady uptick in prices could complicate Beijing’s effort to support economic growth and contend with the trade war with the United States.",-1
"Chinese stocks have staged a remarkable comeback in the final weeks of the .  this month on more signs that the worst could be over for the Chinese economy, .",-1
"A U.S. lawmaker on Friday urged current or former Boeing Co and Federal Aviation Administration (FAA) employees to come forward with any information about the certification program for the 737 MAX, which has suffered two fatal crashes in five months.",-1
French court fines oil group Total in Iran bribery case,-1
"How Embargoes Affect International Business (XOM, BP)",-1
U.S. agency probing two fatal Tesla crashes in Florida since last Sunday,-1
Steel stocks jump on Trump's tariff threat,-1
"In Liberal San Francisco, Tech Leaders Brawl Over Tax Proposal to Aid Homeless",-1
"Typically, this will result in the short-term increase of a company's stock .  are bad for the U.S. economy, and extremely dangerous for unsophisticated and .",-1
Tencent shares spike as China watchdog flags video game approvals,1
"After a difficult week for the stock market and rising trade tensions, the November jobs report provided evidence that the economy remains strong.",1
"Stocks on Wednesday climbed back from their epic Christmas Eve plunge as all .  White House economic adviser Kevin Hassett assured reporters that Federal .  Hassett, in an appearance on Fox Business Network, also said . ",1
Dow jumps more than 250 points on US-China trade truce,1
Holiday Spending Should Be Strong. And Then?,-1
U.S. safety agencies to investigate fatal Tesla crash in Florida,-1
"If a recession really is coming, here's what Powell and Trump can do . ",-1
Investment in the sector nearly halved in 2018 as negotiations over the departure from the European Union led to uncertainty for manufacturers.,-1
Embattled tech stocks drag down rest of market in late-day plunge,-1
"Stocks steered lower after a disappointing manufacturing report from the .  China's weakening economy gives President Trump the upper hand in .  as the most valuable company, with a market capitalization of $780 billion.",-1
"Warren Buffett to CNBC: Economy Has ""Fallen Off a Cliff",-1
"The economy added 304,000 jobs in January, the 100th consecutive month of payroll gains. Unemployment ticked up to 4 percent, possibly a shutdown-related anomaly.",1
"Rising risks and recent soft data shouldn't prevent solid growth for the U.S. economy this year, but the Federal Reserve will remain ""patient"" in deciding on further interest rate hikes, Fed Chairman Jerome Powell said on Tuesday.",1
Why Russia Can't Afford Another Cold War,-1
"Warren Buffett Buying Stock Bargains with US Recession 'Very, Very .",-1
"Finally. Stocks wrapped up a stellar first quarter Thursday with the S&P 500 finishing at a new high, after flirting with the milestone for weeks.",1
Automakers boost Takata air bag recall completion rates,-1
"The Week in Business: The Shutdown Ends (for Now), and Venezuela Has One More President Than It Needs",1
Does The Government Actually Manipulate The Stock Market?,-1
Music streamer SoundCloud has cash until fourth quarter after layoffs,-1
The largely positive Labor Department report hinted that tariffs could be starting to take a toll on manufacturing jobs.,-1
U.S. third-quarter growth trimmed; business spending slowing,-1
"Blackstone Group LP Chief Executive Stephen Schwarzman pocketed at least $567.8 million in 2018 dividends and compensation, making him yet again the private equity industry's highest earner, a regulatory filing showed on Friday.",1
Lab-grown diamond prices slide as De Beers fights back,-1
6 Recession-Proof Stocks,-1
"An Ethiopian Airlines executive questioned whether Boeing had told pilots enough about ""aggressive"" software that pushes a plane's nose down, a focus of investigation into a deadly crash in Ethiopia this month.",-1
"European stocks took a tumble on Friday, indicating that hardly anyone had penciled in a pro-Brexit vote, with markets sharply up on the previous trading day.",-1
ET 500: Stocks that pass Warren Buffett's 'basic screen test' of value .,1
Why the Housing Market Is Slumping Despite a Booming Economy,-1
"In a new article, he warns that the economy may be on the edge of a .  Americans' present wealth — stocks, homes and private businesses . ",-1
Manager at Brazil's Vale told executives of dam risks: newspaper,-1
"EU needs financial police, money-laundering watchdog: lawmakers",1
"Today’s release of the latest economic growth figures show that our economy is demonstrably on the mend, but the strength of the recovery remains to be seen. Gross domestic product grew at an annual rate of 2 percent between July and September this year.",1
Huawei to be arraigned in U.S. fraud case in New York on March 14,-1
"The bank’s move, to ramp up the benchmark rate by 6.25 percentage points, had long been resisted by President Recep Tayyip Erdogan.",-1
"Boeing Co has been awarded a $4.1 billion U.S. defense contract related to the expansion and improvement of the ground-based midcourse missile defense system, the Pentagon said on Friday.",1
SoftBank's Vision Fund nearing $1.5 billion investment in SE Asia's Grab: source,1
Who Wants a Market Downturn? These Investors Actually Do,-1
"Workers Overdose on the Job, and Employers Struggle to Respond",-1
"The pace of U.S. vehicle sales is set to slow for the sixth straight month in December despite aggressive discounts from manufacturers, according to industry consultants J.D. Power and LMC Automotive.",-1
There are other tools that don’t involve quite the risks and challenges of targeting the richest families.,-1
The market turbulence of the past weeks resumed Friday as stocks bobbed up and .  [Fed cuts its outlook for U.S. economy; stocks plunge].,-1
Turbulence and Uncertainty for the Market After 'Brexit',-1
Inquiry in China Adds to Doubt Over Reliability of Its Economic Data,-1
Can China Turn the Middle of Nowhere Into the Center of the World Economy?,1
"They see limited risk to China's real economy from the stock market turmoil and little to .  Nick Dixon, an investment director at the asset management company .",-1
I think it's the acknowledgement that the global economic and financial economic developments are going to be monitored closely because they could .,-1
"As polls numbers drop, President Emmanuel Macron promises benefits for middle- and low-income earners and tells investors he won’t halt economic reforms.",1
"The Standard & Poor's 500-stock index fell 0.8 percent in the five days, .  plunge since January after weak economic data from Germany and . ",-1
Oracle Becomes Bellwether of Rough Global Economy,-1
"The U.S. economy slowed slightly more than previously estimated in the third quarter and momentum appears to have moderated further in the fourth quarter, with new orders and shipments of manufactured capital goods falling in November.",-1
"Last week, the Dow Jones hit a record high — at least if you didn't adjust for inflation. So who actually benefits from a booming stock market? In one sense, lots .",1
Q&A: What is driving the global stock market rally?,1
Economic Milestone: Stock Market Scam (1992),-1
Canada economy posts surprise growth in Jan; reverses 2 monthly declines,1
"Japanese prosecutors arrested Nissan Motor Co Ltd's ousted chairman Carlos Ghosn again on Friday on new allegations of making Nissan shoulder $16.6 million in personal investment losses, dashing chances he would be released on bail before Christmas.",-1
"Also, stocks were due for a bounce after a fourth-quarter rout that had left .  and China took steps to stimulate its flagging economy, he said. .  China, for example, has moved to cut taxes and boosted credit for small business.",-1
Opinion: How the stock market destroyed the middle class,-1
Correlation between currency and stocks,1
U.S. third-quarter economic growth revised down to 3.4 percent,-1
"Trump’s Policies, Not His Insults, Contributed to the Fed’s Shift",-1
A brief guide to recessions and what can be done about them.,-1
"U.S. stocks shuddered on Tuesday as earnings reports from two industrial .  told shareholders its business growth could slow and warned its dealers .  [As stocks tumble, U.S. wonders: Is this economy as good as it gets?].",-1
The Economy Faces Big Risks in 2019. Markets Are Only Now Facing Up to Them.,-1
What a quarter! Dow and S&P at record highs,1
"The following is a comparison of Ford and GM's business models, which .  have achieved significant revenue growth since the economic crisis of 2008 and .",1
Japan's economy makes surprise fall into recession,-1
World stock markets continued a week-long sell-off on Friday as the threat of a U.S. government shutdown and further hikes in U.S. borrowing costs compounded investor anxiety that global economic growth is slowing.,-1
Banking On Blue Chip Stocks,1
"And given the chip industry's status as one of the anchors of business investment in the economy, is the string of weak news a sign the country . ",-1
"The European Central Bank has downplayed a global slowdown for months, but it will finally take a tentative step next week to prop up the euro zone economy, signaling fresh stimulus to keep banks lending.",1
"The central bank did not shift its monetary policy, but lowered its forecasts for economic growth in Europe, in part because of tensions over trade.",-1
Congress is on pace to be historically unproductive — and that could .,-1
"""How long the economic expansion can continue .  depends on sustaining a .  According to Russell's Business Cycle Index, the odds of recession over the .  Major stock market averages are actually negative since the Fed . ",-1
"China's CDH Investments is aiming to raise nearly $1 billion in dollar and yuan funds through its venture and growth capital arm to invest in sectors including healthcare and logistics, said people with direct knowledge of the matter.",1
Japan stocks rattled by $617bn 'fat finger' trading error,-1
The Next Global Crash: Why You Should Fear the Commodities Bubble,-1
"On Monday, the Russian stock market index, the RTSI, fell more than 12 .  was all but impervious to foreign economic or business pressure, thanks in part to an .",-1
I don't blame investors for thinking there must be a way to get in on something big. People are trying to make money any way they can in a stock market where .,1
Economic Slowdown: How Serious for Stocks?,-1
FULL DETAILS: How Congress Insider Traders Abused The Public's .,-1
Trump’s Tax Cut Was Supposed to Change Corporate Behavior. Here’s What Happened.,1
China's economic slowdown has finally left its imprint on global stock markets. .  Those problems could easily be aggravated if the oil business were to cease to .,-1
4 Sectors Likely to Thrive With an Improving Economy,1
"European Union member states unanimously rejected on Friday a proposal to blacklist Saudi Arabia and four U.S. territories for lax controls on terrorism financing and money laundering, sources told Reuters.",-1
Several Reported Killed in Libya as Gunmen Storm National Oil Company,-1
What's the worst that could happen? 7 debt-default doomsday scenarios,-1
"The White House doubled its estimate of the shutdown’s drag on growth, and other economists warned a long stalemate could push the economy into a contraction.",-1
"If Walmart, Lowe’s and other companies win their property tax appeals, homeowners and small businesses will have to pay more or live with smaller town budgets.",-1
"E.U. Rejects Italy’s Budget, and Populists Dig In",-1
"My starting point: Tesco's latest annual report, where the company's directors are .  Like all retailers, the business is susceptible to economic downturn affecting .",-1
Does Quantitative Easing Mainly Help the Rich?,1
"Delta Air Lines will not delay its 2018 deliveries of CSeries planes from Canada's Bombardier Inc , the carrier's chief executive said on Thursday, following an anti-dumping complaint by Boeing Co against the jets.",1
"The classic microcap scams involve efforts to hype the value of a company's stock by spreading false or misleading information via spam, online chat groups or .",1
Oil futures gained about 2 percent on Wednesday after U.S. crude inventories unexpectedly plummeted and as Saudi Arabia brushed aside comments from U.S. President Donald Trump seeking to keep oil prices from climbing.,1
The Government Shutdown Made the I.R.S. Even More Frustrating,-1
Zimbabwe Stock Exchange exposes distressed industry,-1
"Once regarded mostly as sources of money for professional money managers, sovereign funds have matured into aggressive investors.",1
"Nonetheless, Cuba is taking steps to lure foreign business and liberalize its economy. A law passed in 2014 included measures to encourage more foreign .",1
"As Big Retailers Seek to Cut Their Tax Bills, Towns Bear the Brunt",-1
"Williams soothes markets, says Fed listening and could change policy",1
How to Read Financial News,-1
"Innovation, investment and inviting geology have given new life to an oil patch that once seemed spent. The oil field is now the world’s second most productive.",1
"A slower period for the economy may be a serious headwind for stocks. .  The company indicated same-store sales would be down in high single digits, but .",-1
"Amazon.com Inc plans to open dozens of grocery stores across the United States as it looks to expand in the food business, the Wall Street Journal reported on Friday, citing people familiar with the matter.",1
Chinese stocks tumble for a second day after global fall,-1
Billionaire Ron Baron says the stock market and economy will double .,1
Buffett invests only in businesses where future earnings can be foreseen with some certainty. The 13 companies in our list grew on an average of 27.40% .,1
"One factor underpinning the lack of volatility in stocks: Economic volatility, both in the U.S. .  That risk-averse behavior has extended to businesses, making them .",1
"Stocks rose on Friday amid renewed optimism on the progress of .  financial markets and souring business and consumer sentiment. .  The reason why is, while stocks got cheap for a brief amount of time, the economy is not . ",1
"The U.S. goods trade deficit widened sharply in December as slowing global demand and a strong dollar weighed on exports, another sign that economic growth slowed in the fourth quarter.",-1
Yield curve inverts for first time since 2007 on global growth worries,-1
Is a Recession Coming?,1
"Greece, 10 Years Into Economic Crisis, Counts the Cost to Mental Health",-1
"Hyundai Motor Co said on Wednesday it plans to boost the core automotive businesses’ operating profit margin to 7 percent by 2022, compared with 2.1 percent in 2018, as part of its mid- to long-term plan.",1
US stocks skid again on renewed fears that tech sector has run out of . ,-1
South Korea's economy and its stock market are dominated by dozens of financially .  These conglomerates are complex businesses that often have circular .,1
"They also tend to favor small-capitalization stocks, which have historically beaten the .  Three economists, Luigi Guiso of the Einaudi Institute for Economics and .",1
"Vietnamese carriers VietJet, Bamboo unveil Boeing deals worth $15 billion",1
Volkswagen to write off Gett investment - Spiegel,-1
Private Businesses Built Modern China. Now the Government Is Pushing Back.,-1
Insider Trading: CNBC Explains,1
U.K. Auto Industry Already Feeling the Brexit Pinch,-1
"Chinese turn backs on stock market, invest in walnuts instead",1
"The U.S. economy grew at its fastest rate in more than a decade between the months of July through September, according to government data released Tuesday morning, marking the latest sign that a once-sluggish recovery is now running at full speed.",1
"Earlier this year, Juul Labs quietly spun out of vaping company Pax Labs and quickly catapulted up the charts to become the top e-cigarette producer on the .",1
Amazon’s power is even more pronounced in the nail-biter sprint toward Christmas. A two-decade obsession with delivery speed has given it a huge edge.,1
October's stock skid deepened losses Friday on a global sell-off in .  China that made investors think the global economy may have reached its growth limit. .  Business capital expenditures are a big contributor to growth and . ,-1
SEC ups efforts to combat manipulations of 'microcap' stocks,1
Why is China's stock market in crisis?,-1
The strength of the economy and the stock market might seem too good to be true. But you may want to hedge your bets.,1
"Bayer reaps profit lift from Monsanto seeds, consumer health",1
"Amazon, Comcast, Electronic Arts submit bids for Nexon holding firm-Maeil report",1
"Sunrise Communications has entered ""advanced discussions"" to buy Liberty Global's Swiss business in a deal which values the internet and digital television provider at 6.3 billion Swiss francs ($6.30 billion).",1
Budget Deficit Jumps Nearly 17% in 2018,-1
"The Canadian government, as expected, said on Friday it would allow an extradition hearing to proceed against Meng Wanzhou, the chief financial officer of Huawei Technologies Co Ltd who was detained in Canada late last year.",-1
A Winter-Coat Heavyweight Gives Trump’s Trade War the Cold Shoulder,-1
"U.S. stock markets suffered their steepest Christmas Eve decline in decades Monday, .  Investors have been shaken by recent economic and political .  had ample credit to extend to American businesses and households.",-1
"UK business investment slide, but trade war optimism boosts stocks . ",1
China's economy is at risk of catching a nasty flu -- and infecting the rest of the world in .  American business hit: Pockets of the U.S. stock market are exposed to .,-1
Next oil downturn? Gasoline margins in Singapore halved as stocks .,-1
"Huawei Technologies Co Ltd and two affiliates will be arraigned on March 14 in U.S. District Court in Brooklyn, New York, on accusations the company committed bank and wire fraud and violated sanctions against Iran, according to a court filing on Friday.",-1
A day of reckoning for the ECB?,1
"Now, the Markets Can Worry About Other Things. Here’s a List.",-1
"In the report, Credit Suisse analysts pick their seven favorite stocks in the sector. .  however its valuation multiple is cheap, its discrete automation business is .",1
"The Fed’s newfound patience on raising interest rates is just what President Trump wanted. Its explanation, however, is unlikely to please him.",-1
Greece's Debt Crisis Sends Stocks Falling Around the Globe,-1
China poised to buy more U.S. soybeans: sources,1
U.S. Public Companies Rise Again,1
Instant View: Powell - Fed remains patient deciding on further hikes,1
Top ten cracker stocks to buy on 'Muhurat Trading' day,-1
"Given that consumption accounts for 70% of US economic activity, this is a major deflationary .  Which means this trend will cut down company earnings and, in turn, .  In 2016, the Tax Policy Center found that 37% of the US stock market was .",-1
E-cigarette maker Juul is raising $150 million after spinning out of .,1
"In a Sign of the Economy’s Strength, Jobs and Wages Moved Higher in August",-1
"Indeed, if there is a relationship, it is that economic growth and stock market returns .  Paul Marsh and Mike Staunton of the London Business School of 19 major .",1
"Stocks slumped on Wall Street, after markets in Europe were buffeted by .  of the research firm High Frequency Economics in Valhalla, N.Y., said the real test .",-1
"Netflix stock falls after subscriber losses, failed Qwikster spinoff worry .",-1
"There’s not a main reason for the sell-off, but a widening sense of unease that several types of problems are rising at once.",-1
Nor is there any empirical evidence that it makes the economy or the society better .  executives that are tied to the short-term performance of the company stock.,1
A shortage of rainfall has forced people to pay more for onions once again this year. Consumers aren't the only ones affected – farmers are getting a pittance for .,-1
Plans to build another privately-financed power station in Nigeria to help end decades of chronic blackouts have been delayed because of concerns about persistent shortfalls in payments for electricity across the sector.,-1
German carmakers to invest 60 billion euros in electric cars and automation: VDA,1
"The Economy Needs More Workers. Last Month, It Got Fewer.",-1
Another Climate Alarmist Admits Real Motive Behind Warming Scare,-1
"But, in recent years, the stock market has not mirrored the economy well. .  Similarly, in the GDP estimates for 2015-16, banking, finance and business services .",-1
Marriott Data Breach Is Traced to Chinese Hackers as U.S. Readies Crackdown on Beijing,-1
Some venture capitalists are rooting for a market dip to calm Silicon Valley’s overheated start-up scene.,-1
"Since taking office, President Trump has taken to Twitter to point to the rising stock market, strong jobs numbers and the health of the overall economy as signs of .",1
The Finnish steel manufacturer Outokumpu has access to mineral deposits that give it a clear advantage over U.S. makers. But Trump’s tariffs are raising prices for American customers.,-1
"China's steel mills may have taken a wrong turn by adding millions of tonnes of new high-end capacity just as the country's car sector, a key steel consumer, undergoes its first contraction in decades, cutting metal demand.",-1
"Bayer's management retains the backing of its supervisory board, its chief executive said, after pressure on the company increased when a second jury in the United States ruled its glyphosate-based Roundup weed killer caused cancer.",-1
The Most Important Least-Noticed Economic Event of the Decade,-1
Home prices are out of reach relative to incomes and mortgage rates. The big question for the economy is how the imbalance adjusts.,-1
How Recent Disasters Affected Markets and Economies,-1
U.S. disability rolls swell in a rough economy,-1
Plunging corporate tax revenues from the Trump tax cuts helped push the annual deficit to $779 billion. It is on track to reach $1 trillion by 2020.,-1
Strong Hiring and Fed Chief’s Reassurance on Rates Delight Investors,1
"US stocks down, world markets flat after Japanese stocks plummet",-1
World shares rise to fresh peak; oil gains,1
"For Canada, a Sigh of Relief More Than a Celebration in New Nafta Deal",-1
Housing Is Already in a Slump. So It (Probably) Can’t Cause a Recession.,1
"The company known by Trump's initials, DJT, crumbled into a penny stock and filed . . An improving national economy and an upturn in Atlantic City gambling .",1
"NEW YORK - Worries about economic growth prospects hit global stock markets on Friday, causing sharp price drops on both sides of the . ",-1
"Wall Street Baffled by Slowing Economy, Low Yields: Trader .  Stocks extended losses after the manufacturing fell below expectations in May and the private .",-1
Larry Kudlow: 'I don't think the underlying economy is slowing',1
"The biggest earthquake on record to hit Japan in 140 years sent stock .  and former director of the White House National Economic Council, told CNBC. .  Air Transport Association), companies saw about $1.7 billion of business lost from the .",-1
"In a drab year for stocks, the fantastic FANG Four made all the difference",1
Economists estimate Kosovo's economy must grow by 8 percent each year to absorb the young people entering the job market and hold unemployment steady.,1
"“Businesses have held back so far, but will begin to get on board. .  In May and June, stocks fell after Mr. Bernanke seemed to suggest the tapering could begin .",-1
"It does business only with current and former members of the military and their .  Fellow at the Peterson Institute for International Economics in Washington, .",1
"Dow soars more than 1050 points, its biggest point gain in history . ",1
Market Swings Are Becoming New Standard,1
"The stock market's gains for 2018 were erased on Tuesday, as a sell-off .  [Read how the stock market's slide is flashing warning signs about the economy.] .  It's a Sunday newsletter with essential business insights that'll prep . ",-1
Whiplash on Wall Street as Tension About Global Economy Mounts,-1
Gap shares surge 24 percent as Wall Street praises split,1
A Green Light for Banks to Start ‘Redlining’ Again,1
"Falling stock prices are a signal of falling confidence in the economy, and when investors pull money out of stocks, they seek safer asset classes such as bonds.",-1
But that doesn't mean a Trump presidency will be good for the economy. .  Buying stock in a company entitles the owner to a percentage of present and future .,-1
Mexico's government on Friday threatened to slap duties on new U.S. products in retaliation for the Trump administration's steel and aluminum tariffs as it seeks to turn up pressure on Washington to exempt it from the measures.,-1
"Although Prime Minister Justin Trudeau praised the agreement as a win for Canada, economists painted a more complex picture of some of its potential impact.",-1
Jerome Powell Tries a Nuanced Fed Policy. Markets Don’t Like It.,-1
"Wall Street Baffled by Slowing Economy, Low Yields: Trader",-1
"With money market and CD rates at record low levels and sluggish economic, .  Yes, companies with business that continue to grow even in recessions like .",-1
Amazon plans new grocery-store business: WSJ,1
Buffett on stocks: 'Look at them as a business',1
Fendi attempts to address the Italian national youth unemployment crisis by luring a new generation into becoming traditional artisans.,-1
Disinvestment effect on PSU stocks: Should investors stay put?,-1
"Ahold Delhaize, which operates supermarkets in Europe and the United States, is on track to meet a 20 percent U.S. online sales growth target this year as it opens automated grocery distribution points along the East Coast, its chief executive said on Wednesday.",1
"Dow, buoyed by tech stocks, climbs back from big loss",1
U.S. Job Gains Show Employers Shrugged Off Government Shutdown,1
"Argentina’s central bank raised interest rates, trying to halt a plunge in the value of the peso. The turmoil led to a sell-off in other emerging-market currencies.",-1
The central bank's action followed a global stock market rout in which China led the .  “But fundamentally the overall stability of the Chinese economy has not .,-1
"But within a year and a half, the area's manufacturing economy was .  dire, and whiplashing, the business cycle has been the opposite—steady, positive, and .",1
"“Over recent years, equity prices have been a fairly reliable and timely guide to the performance of the real economy,” said experts at Capital Economics.",-1
"In Striking Shift, Small Investors Flee Stock Market",-1
Why Does the Stock Market Keep Going Up?,1
So at least part of the solution to our current epidemic of business disinvestment must be to discourage this sort of stock manipulation by going back to the .,-1
"Legal insider trading is when corporate insiders—officers, directors, and employees—play by the rules when they buy and sell stock in their own company.",1
Government Shutdown Shakes Stability of Jobs That Are Often the Best Around,-1
"U.S. auto sales seen falling 1 percent in Dec - J.D. Power, LMC",-1
"U.S. lawmaker seeks Boeing whistleblowers, some MAX 737 orders in jeopardy",-1
"Kotak Mahindra Bank is one of the best stocks to trade today on the long side."" .  developers, managing large business parks are the key catalysts for the stock.",1
"The ranks of U.S. public companies grew last year for the first time since the go-go days of the Internet boom, getting a long-awaited boost from an expanding economy and renewed investor interest in U.S. stocks.",1
"Most local stocks closed higher Friday, allowing the main-share index to climb back to 4,300 as investors found relief in fresh signs of an improving American .",1
"Sell everything ahead of stock market crash, say RBS economists",-1
"Tesla debuts $35,000 Model 3, sees loss in first quarter",-1
"The Fed, as expected, did not raise interest rates at its meeting that ended on Thursday but indicated another increase is still expected in December.",-1
"A map of the counties targeted by China, Mexico, Canada and the European Union in a trade war looks strikingly similar to a map of the 2016 presidential election.",-1
Stock market at crossroads after strongest quarterly rise in a decade,-1
"When the pros and cons for stocks and the economy over the next year or two are weighed, the risks appear to be dominant, our columnist says.",-1
"A rising chorus blames Airbnb, Uber and other internet-enabled travel conveniences for a boom that threatens a sustainable balance.",-1
U.S. Energy Secretary Rick Perry promised on Thursday to promote cross-border electricity trade and investment with Mexico and said he expected talks aimed at updating the North American Free Trade Agreement (NAFTA) to proceed quickly.,1
"With millions of people filing tax returns under a new tax law and after a long government shutdown, this is a challenging year. We offer survival tips and extensive coverage.",-1
"US stocks rise: Less on Fed chatter, more on economy .  it had fired executive chairman George Zimmer, the company's founder and star of its TV commercials, .",1
"A Paris court fined French oil and gas group Total 500,000 euros ($570,000) on Friday for bribing foreign public officials in a case related to Iranian contracts in 1997.",-1
"The Week in Business: Let the Apple vs. Facebook Battle Begin, and China Goes Soybean Shopping",-1
Tesla's store-shuttering strategy may pull the rug out of solar,-1
Goldman says the US economy has 'sharply decelerated' but these . ,-1
U.S. adds criminal charges against ex-Autonomy CEO Lynch,-1
Stocks fell around the world after the arrest of a top Chinese technology .  increasingly see as a threat to financial markets and the economy.,-1
"Billionaire Ron Baron says the stock market and economy will double in 13 years .  said Baron, whose company has $23 billion in assets under management.",1
Indian regulator orders J&J to stop using raw material to make Baby Powder in India,-1
China Sees Hints of a Past Threat: Inflation,-1
"State-run Food Corporation of India (FCI) held foodgrain stock of 46 million .  According to the buffer norm, the FCI was required to keep a stock of 30.77 mt of .",1
"The Dutch government's decision to increase its stake in Air France KLM was both ""incomprehensible"" and unexpected, said French Finance Minister Bruno Le Maire on Wednesday.",-1
"Jerome H. Powell, the Federal Reserve chairman, also said that if asked to resign by President Trump, he would refuse.",-1
"Ford recalling 874,000 pickup trucks in North America for fire risks",-1
10 years after stocks hit bottom: What we learned and what we still don . ,1
"European and US stock markets have suffered more large falls, led by steep declines .  Mr Berlusconi and economy minister Giulio Tremonti met business and .",-1
"The Standard & Poor's 500-stock index was off 2 percent. .  in future order rates could call into question if we are peaking in economic growth, . ",-1
That's about as much as the company bought in the first half of the year. .  worried his new purchases will be caught up in a 'double-dip' for the U.S. economy.,-1
Concerns about the health of the world economy heightened last week after remarks by the US Federal Reserve indicated that it would not . ,-1
"(More:How to Get a Piece of Mexican Stocks). As a result, Mexico has grown to be the 13th largest economy in the world — $2.4 trillion — and the 11th in .  to Mexico and currently chairman of Vianovo Ventures, a business development firm.",1
"The report from the Commerce Department on Friday also showed price pressures muted in January, with a measure of overall inflation posting its smallest annual increase in nearly 2-1/2 years.",-1
Will 2013 Be the 'Break-Out' Year for China Stocks?,-1
Stocks end higher as US economy continues to improve,1
China Pours $218 Billion Into the Economy as Growth Slows,-1
Exchange Rate Risk: Economic Exposure,-1
India's growth may decelerate further despite election spending,-1
"Bad for the economy, bad for business, and surprisingly unfavorable to investors. .  Shareholders in large, publicly traded firms got their stock by buying it from .",-1
Nike shares rise as strong quarterly results allay China demand concerns,1
"Behind Tech’s Shine, Some Warnings Signs Appear",-1
Top 10 intraday and long-term bets to beat volatility,1
Economy Is Strong. Leadership Is Shaky. Which Will Win Out in 2019?,-1
Dealmakers brace for slowdown after third-strongest M&A year,-1
Trump rally: Stocks put 2017 in the record books,1
ANALYST: There's A Big Red Flag In The Economic Data That Could .,-1
Hong Kong (CNN Business) Worries over slowing economic growth are .  Fears about a severe global economic slowdown hit stocks in . ,-1
"The bond market smells a recession. On Friday, stock investors caught a whiff, too. Economic forecasters and Wall Street traders have been . ",-1
A Tale of Two Stocks: Apple and Coke in China,1
"Lyft's Shares Jump in Trading Debut, Cementing Rise of the Gig . ",1
"Stock markets in the region suffered. .  With business conditions expected to get worse before they get better, China is expected to roll .  “This data confirms our view that the economy is weak and that stimulus needs to arrive . ",-1
"UK business investment slide, but trade war optimism boosts stocks . . despite lingering concerns over the health of the global economy.",1
Sunrise in advanced talks for Liberty Global's $6.3 billion Swiss unit,1
"Government Shutdown Cost U.S. Economy $11 Billion, C.B.O. Says",-1
"Not only did the economy barely add any jobs in June, but also previously optimistic figures were revised downward. Although there is virtually no company that .",-1
"The latest divergence in economic data may be setting up the stock market for a ""nasty New Year surprise,"" says Andrew Wilkinson. Wilkinson, the chief .",-1
5 Stocks Growing Steadily Despite a Weak Economy,1
"Ambani was giving his acceptance speech at the Economic Times Awards for Corporate Excellence, where he won the 'Business Leader of the Year' award, the .",1
Be Like Warren Buffett: Sell Put Options,-1
Tesla's Musk calls SEC 'broken' in new Twitter spat,-1
Climate Change’s Giant Impact on the Economy: 4 Key Issues,-1
"Homeowners and businesses will have to pay more for lumber, steel, aluminum and other materials because of President Trump’s trade policy.",-1
"China, the world's top oil importer, is set to start 2019 buying little or no crude from the United States despite a three-month truce in a trade scrap between the two nations, with relatively high freight costs and political uncertainty choking demand.",-1
"If you look at the economy, it grows over time. Not at a steady rate, but it grows over time. And markets, particularly the stock market, reflects that. In other words, if .",1
The Total Economy Portfolio,-1
How the Big Bang changed the City of London for ever,1
"Trump's agenda, mainly tax reform and cuts to business regulations, has lifted business confidence. Meanwhile, economic growth has accelerated. GDP has .",1
"U.S. authorities are investigating a fatal Tesla Inc Model S crash in Florida last Sunday that killed the driver and caused a massive fire, the second fatal Tesla crash in the state this week being probed, the National Highway Traffic Safety Administration (NHTSA) said on Saturday.",-1
"Germany and France Renew Their Vows, but Challenges Abound",-1
"Stocks on Wall Street dropped again Friday, pushing the S&P 500 into .  the chief financial officer of Huawei and a daughter of the company's . ",-1
"Day after day, stocks swing sharply by hundreds of points. .  where the economy is heading — and canny investors could profit from the big swings, or simply sit .",1
U.S. energy secretary in Mexico eyes cooperation,1
"Stocks around the world tumbled in volatile trading on Monday, leaving investors to .  Concerns about China's ability to be a powerful engine of global economic .",1
"Egypt's stocks declined amid a wave of selling by foreign and Arab investors, driving .  last year, the company announced on its official website on Wednesday.",-1
Nobel Prize winner warns of US stock market bubble,-1
"Eventually the confidence boost in the markets and economy due to Trump's .  the short term, ill-advised trade policy won't be good for the economy or markets.",-1
Global stocks fell on Thursday as investors worried about the health of the global economy given the Federal Reserve's cautious stance about raising its interest .,-1
American Airlines said Sunday it will extend flight cancellation through April 24 because of the grounding of the Boeing 737 MAX after two fatal crashes since October and cut some additional flights.,-1
"Also, the Fed makes a surprising announcement, and the true cost of the government shutdown.",-1
Nasdaq confirms bear market; economic worries sink Wall Street,-1
Sales are booming at major chains that have taken cues from their giant online rival — signs of a revival in a $3.5 trillion industry.,1
"Specifically, it said that its QE program had boosted the value of stocks and bonds .  who already own homes, but passing little along to the rest of the economy.",1
China's HNA in talks to sell Ingram Micro to Apollo Global: source,-1
"Growth in China’s increasingly important services sector accelerated in December at its fastest pace in four months, adding to signs of a modest year-end revival in the world’s second-largest economy.",1
"U.S. personal income fell for the first time in more than three years in January and consumer spending dropped by the most since 2009 in December, putting the economy on a weak growth path early in the first quarter.",-1
"The hottest tech stocks are a textbook example of an overheated, unsustainable .  It was a new paradigm of a likely extended period of uninterrupted economic .",1
"Canada PM speaks to Trump about tariffs, sources see little progress",-1
New York: US stocks ended higher as investors continued to keep a .  trade updates and digested a batch of encouraging economic data.,1
[Federal Reserve cuts its outlook for U.S. economy; stocks plunge] .  of U.S. investors and business leaders and caused the Dow to shed more . ,-1
The other half of the economy is represented through private businesses. This means the stock market in its entirety is an incomplete reflection of economic .,-1
"Defying Erdogan, Turkey’s Central Bank Raises Interest Rates",-1
U.S.-China trade: tariff and non-tariff barriers,1
"Investors dumped Turkish bonds and stocks on Wednesday after the .  But the global economy is slowing, central banks have shelved plans to raise . . He said decisions by banks on liquidity were business-based and in line . ",-1
I.R.S. Tax Fraud Cases Plummet After Budget Cuts,-1
Mark Cuban Predicts a Stock Market Crash if Trump Wins the White .,-1
7 Stocks to Profit From Cuba's Coming Boom,1
"Blue chip stocks, named after the highest-valued chips in poker, are prized investment .  representing ownership in some the most successful firms in the economy. .  Blue chips are supported by proven business models, slow but consistent .",1
"In the barely inhabited steppes of Central Asia, it is establishing the next foothold in its trillion-dollar campaign to transform global infrastructure.",1
China's business landscape has also undergone a transformation. .  productivity growth — the ability to get greater output from existing labor and capital stocks.,1
"Foiled in reversing a policy change from the Obama era, the agency will try again to limit companies’ responsibility for franchisees and contractors.",1
"Summer Winds Down, and Big Tech Is Called Before Congress",1
"What Is a Recession, and Why Are People Talking About the Next One?",-1
Norway's Aker BP switching gears from M&A to exploration,-1
Are the Green Bay Packers the Worst Stock in America?,1
"Everyday there are bloggers and freelancers writing for business news sites. .  In 2013, $130 billion in stock value was wiped out in a matter of minutes following .",-1
"Qatar, China, Japan sought 'extras' after Barclays 2008 fundraising: court",-1
A global rally in stocks came to an abrupt halt Thursday as a 7% plunge on Japan's Nikkei index .  Investors were rattled by weak economic data from China and indications that the U.S. .  Related: Eurozone business still going backwards.,-1
Taking an aggressive stance with traditional allies now seems to be just a warm-up for the main event: isolating China.,-1
"Buffett on stocks: 'Look at them as a business' .  ""The economy, since the fall of 2009, has been increasing at a pretty steady rate,"" Buffett said. ""People have .",1
"The stock market rally that began last summer was fueled by the Fed's efforts which improved U.S. .  ""A stronger economy helps smaller businesses,"" he said.",1
"Even Without Amazon, Tech Could Keep Gaining Ground in New York",1
"In Japan, where petrol demand is waning because of the stalling economy, .  that as a result producers were ""pursuing business opportunities overseas"".",-1
Polls Show Government Shutdown Is Eroding Faith in Economy,-1
China's 'Black Monday' sends markets reeling across the globe - as it .,-1
"The European Commission told Rome that it would have to rewrite its draft 2019 budget and reduce its deficit, or face heavy fines early next year.",-1
STOCKS TSX rises as material stocks rally,1
"Overstock Delays E-Commerce Business Sale, Deferring Cash for . ",-1
"How would you like to go into the insurance business, collecting premiums for .  The product in question is crash insurance, which pays out if stocks take a dive. .  European banks are falling apart, our own economy remains sickly, and .",-1
Both sides said “progress” had been made in the talks but deep disagreements remain ahead of the March deadline set by leaders of both countries.,-1
"One question people might be asking is, what took so long?",-1
"Stocks sank on Tuesday, as President Trump threatened China with further tariffs, just .  strategist at the brokerage firm William O'Neil & Company. .  The economy is on pace for its best year since 2005, unemployment is near . ",-1
"Bank stocks reacted positively on Tuesday, led by Morgan Stanley, up nearly 6 .  Goldman is drumming up business with new companies and . ",1
CVS Health Corp. shares fell after revenue of $54.42 billion was short of expectations and the company's adjusted earnings per share for fiscal . ,-1
Ireland bail-out: stocks rise after bail-out accepted,1
Moves like Mnuchin’s phone calls to bank C.E.O.s could create a broader crisis of confidence.,-1
Lyft IPO Gives Major Indexes A Lift; Chinese Stocks Jump On Trade . ,1
Tracking the Dow One Year After Rock Bottom,-1
"Exclusive: Apollo bets on Clearway Energy, defying PG&E bankruptcy fallout",-1
"Ford Motor Co. and Caterpillar Inc. slumped at least 8.3 percent, pacing losses in stocks most-tied to the economy. Chevron Corp. dropped 7.5 percent as oil slid .",-1
"Volkswagen said on Wednesday it had struck a deal with Microsoft to cooperate on cloud computing in China and the United States, as part of its drive to offer connected vehicle services across the globe.",1
"Amazon defied expectations by splitting its second headquarters into two locations. For the internet company, it seems to be working out rather nicely.",1
"The idea was to encourage more economic activity by lowering interest rates, .  to finance consumer and business lending, which gets under way this week.",1
How the Canadian economy – and stock market – can outperform,1
"The value of all U.S. stocks had dropped from a peak of $22 trillion to $9 trillion, .  Now we have to price in ongoing businesses,"" and investors are not giving corporate .  ""Do we have a massive slowdown in the economy when the cover of the .",-1
Banks are preparing for an 'economic nuclear winter',-1
U.S. markets received a clear warning of coming recession on Friday when the spread between yields on three-month Treasury bills and 10-year notes fell below zero for the first time since 2007 after U.S. manufacturing data missed estimates.,-1
"Volkswagen's flagship VW brand missed its margin target in 2018 as operating profits declined despite growth in top-line revenues at the German carmaker, news weekly Spiegel reported on Friday, citing unpublished figures.",-1
An embargo is a complete or partial block of trade and business activities .  will use embargoes to effect complete economic isolation on another nations. Today .,-1
"BNP Paribas to cut up to 2,500 jobs at its Belgian bank",-1
Jaguar Land Rover to announce major UK investment: BBC,1
Wall Street's roller-coaster ride extended into Thursday with stocks staging a .  They are trying to assess the prospects for economic growth and . ,1
The Economy and Stocks: A Big Disconnect,-1
"BEIJING — China is trying hard to revive interest in its ailing stock market, but some .  Interest from collectors like Kou has made walnuts big business for merchants like .  said Mark Williams, an economist with Capital Economics in London.",1
Apple's predictions about its business are weaker than expected. .  A slowing Chinese economy means consumers aren't as willing or able to pay Apple's steep .,-1
"The American economy added 134,000 jobs in September, the Labor Department said, and unemployment fell to 3.7 percent.",1
"Qatar Airways said on Wednesday that it had decided not to go ahead with routes to some planned destinations following a Gulf boycott, particularly in West and Central Africa, the company said in a Twitter post.",-1
Economic growth at risk when natural assets are degraded or depleted,-1
How Monetary Policy Affects Your Investments,-1
Hong Kong and China stocks shoot up after Beijing vows tax cuts to . ,1
Explainer: Arrested again: What are the new allegations against Nissan's Ghosn?,-1
‘Overtourism’ Worries Europe. How Much Did Technology Help Get Us There?,-1
This exposure arises from the effect of currency fluctuations on a company's .  the company due to these currency fluctuations and the stock has declined 7% in .,-1
"A December gain of 312,000 jobs sent stocks up more than 3 percent, and the Federal Reserve chairman offered soothing words on the central bank’s plans.",1
"U.S. consumer spending, factory data point to weak first quarter GDP growth",-1
"Bangladesh will collect and test samples of Johnson & Johnson's Baby Powder for asbestos in a couple of days, its main testing authority said on Friday, after a Reuters report last Friday that the firm knew for decades that cancer-causing asbestos could be found in the product.",-1
"The important monthly jobs report comes after a sloppy period for stocks, but ahead of the .  Strong areas of hiring included professional and business services, .",1
Boeing trade complaint won't slow CSeries deliveries: Delta CEO,1
"The industry sold more than 17 million vehicles for the fourth straight year. But it is relying more on fleet sales, and economic winds are not favorable.",-1
"The rally continued in Asia, led by Japan, where stocks on Thursday .  to climb thanks to the underlying strength of the American economy.",1
" If you put your money in stocks in 2014, you were a savvy investor. The Dow finished the year up 7.5%, the S&P 500 rose 11.4%, and the tech-heavy Nasdaq soared 13.4%.",1
Kosovo's Economy Still Struggling Five Years After Independence,1
Turkish stocks tumble as crackdown on lira speculation spooks . ,-1
"Netflix (NFLX) stocks tumbled on Tuesday after news that the company had lost over 800,000 subscribers, many of whom were angered by an abortive attempt .",-1
Look How Skyscrapers Have Predicted Recession Through History,-1
Argentina’s Peso Tumbles as Turbulence in Emerging Markets Spreads,-1
Foxconn to build $9 billion chip plant in China with local govt: Nikkei,1
"Oil rises 2 percent as U.S. crude stocks plunge, OPEC brushes off Trump",1
How shareholders jumped to first in line for profits,1
"U.S. stocks shot up on Monday after the prospects for an imminent U.S. attack on Syria began to fade, while sentiments that Federal Reserve stimulus measures may stay in place boosted spirits as well.",1
Wall Street tumbles on global economic slowdown fears,-1
How The Fed Is Helping To Rig The Stock Market,1
"Industrial stocks: A big bet on economic growth .  ""When they can start moving more product, the overall cost of the business decreases, and that increases .",1
Anything that makes people more anxious and uncertain about the future has a negative effect on business and on stocks. The bombing occurred shortly before .,-1
"No, what this deal underscores is just what a dog the stock trading business has become. And that seems to be a ubiquitous theme on Wall Street with major .",-1
The AP said its Twitter account was hacked and stocks quickly bounced back. .  Eyes on the economy: Earnings have been in focus this week as investors grasp .,1
"Italy and E.U. Reach a Budget Deal, as Populist Plan Runs Into Reality",-1
Exclusive: Huawei plans billions in dividends for staff despite row with U.S. - sources,1
"With the elections in the rearview mirror, Wall Street can focus on gridlock and interest rates — and maybe impeachment and a recession.",-1
"China's Economy, in Six Charts",1
"Renewed economic uncertainty is testing Americans' generation-long love affair .  first seven months of this year, according to the Investment Company Institute, .",-1
"A popular one is whether aging baby boomers will tank the stock market. .  Many of the economic models that show decreased demand resulting in lower stock .  prices is as reflecting the discounted value of future cash flows of a company, .",-1
"Since De Beers abandoned its decades-old policy of refusing to sell lab-grown diamonds as jewelery, the price gap between man-made stones and natural gems has widened - and the difference is set to get even bigger.",-1
"Japan led the decline, though stocks fell broadly across Asia. .  European markets, which fell on Friday after some dour economic news, lost . ",-1
It's too early to say whether stocks have recovered from a recent slump that sent .  The company also raised its earnings forecast because of share repurchases.,1
Ahold says on course to meet U.S. online sales growth targets,1
President Xi Jinping kicks off a Shanghai event showing a growing Chinese appetite to buy from the rest of the world. Even critics of the U.S. have doubts.,-1
The Dollar Is Still King. How (in the World) Did That Happen?,1
"(CNN) -- Stocks on key Asian exchanges dropped modestly early Monday on what is .  financial stability and economic growth,"" G7 finance ministers and central .",-1
"The idea behind the company is simple: Provide a venue for investors who want to buy or sell stocks where sophisticated high-frequency traders, who can make .",1
Preserving the Wealth That Conservation Built,1
"Faced with a choppy stock market and fears of an economic downturn, Uber and Lyft are moving toward the public markets as other private tech companies also get ready.",-1
While Australian equities markets represent a chunk of the Australian economy – Australian companies with Australian business employing Australians – the .,-1
"The rates on capital gains — which include profits from the sale of stocks, bonds .  rate say it spurs more investment in the U.S. economy, benefiting all Americans. . . taxes across the board for workers, small-business people and job creators,” .",1
"Come On, Bill Gross! Please Stop Insulting People And Fix Your Mistake!",-1
"And the broad economic forces driving Boeing's gains are lifting the earnings at .  The company reported an order backlog that totaled 5,700 aircraft, or about .",1
"Pinterest Inc, the owner of the image search website known for the food and fashion photos that its users post, filed for an initial public offering with U.S. regulators on Friday, looking to tap into a red-hot market for new stock offerings.",1
Stocks can be your best hedge against inflation,1
U.S. Economy Grew at 4.6% Rate in Second Quarter,1
"NEW DELHI: Agriculture happens to be the engine of India's economic growth and .  trend setback for most of the agricultural-based stocks and once the fear subsides, they . . Above 25% of total revenue comes from this segment of business.",1
MORGAN STANLEY: Here Are 42 Stocks That'll Thrive Even If The .,1
7 Great Growth Stocks Based in Israel,1
"The U.S. economy is regaining traction as the year winds down, boosted by an accelerating business sector and a modest pickup among consumers.",1
"E.C.B., at Latest Meeting, Highlights Risks From Trade War",-1
"China's Huawei is set to reward employee shareholders with a 3 percent rise in cash dividends that are worth billions of dollars, according to company sources and Reuters calculations - a move expected to boost morale as it battles a U.S.-led drive against its telecom gear.",1
GE CEO says company needs to reduce debt 'thoughtfully and soon',-1
What Crushed Noodles & Company's And Shake Shack's Stocks,-1
The Chinese central bank’s move is intended to send a signal that Beijing is ready to stem a slowdown that has darkened the global outlook.,-1
"In a tacit acknowledgment that Mr. Trump has shaken the international trading system, G20 officials sought to reduce tensions.",-1
Dow falls more than 200 points after Boston explosions,-1
"The Canadian economy grew by a surprise 0.3 percent in January, reversing recent declines as the construction and manufacturing sectors picked up, and likely leaving the Bank of Canada on the sidelines over the coming months.",1
"In a satirical new novel, a former Google executive identifies the technology industry’s chief issue: its narrow engineering-focused bubble.",-1
"By Jamie Robertson Business reporter, BBC News .  it was extraordinary,"" says Mr Haynes who used to work on the floor of the London Stock Exchange, and is .",1
Wall St. edges lower in choppy session,-1
Stocks around the world fell and U.S. Treasuries yields sent warning signals for a possible recession on Friday after weaker-than-expected U.S. and European data intensified fears of a global economic slowdown.,-1
The stock market in particular is at risk of hitting a major breakpoint. .  an implosion of the whole stock market structure or the global economy itself. .  it through a breakpoint; the survival rate is even worse for new businesses and technologies.,-1
The attack punctuated a week of deadly violence in the capital and struck at the core of the country’s deteriorating economy.,-1
Trump's misplaced economic policies could sink the US economy next . ,-1
"After six months of strong growth, the economy is on track for its best annual performance since 2005. But there were signs of a slowdown ahead.",-1
"Raj Rajaratnam, hedge fund billionaire, gets 11-year sentence for .",-1
"According to Gallup's annual Economics and Personal Finance survey, which .  the S&P 500 will all be in the double digits for the first time this business cycle"".",1
"BNP Paribas reached an agreement with unions over a plan to cut as many as 2,500 jobs at its Belgian retail banking unit by 2021 as part of an effort to bring down costs.",-1
Basics of Banking: Loans Create a Lot More Than Deposits,-1
"In foreboding sign for U.S. economy, factory sector softens",-1
"S&P 500 e-minis logged their biggest losing streak in seven years on Friday, dropping about 0.6 percent on growing worries of slowing global growth and the threat of a U.S. government shutdown.",-1
Rising tariffs could lead Chinese buyers to look for alternatives to American products. But Australia could suffer if the conflict slows China’s growth.,1
"Despite his tough talk, President Trump has not fundamentally altered America’s approach to trade. But that could change, and future increases in tariffs could be very costly to the United States.",-1
"Mr. Panarin posits, in brief, that mass immigration, economic decline, and moral degradation will trigger a civil war next fall and the collapse of the dollar. Around .",-1
Why Wall Street Is A Key Player In The World's Economy,1
Graph of the day: Who benefits from a stock-market boom?,1
Complex Mega-Companies Dominate South Korea's Stock Market,1
Hot-rolled mess: China's steelmakers hit the skids as car sales slow,-1
"With commercial banks posting weak numbers quarter after quarter, there have been serious efforts both by banks and RBI to address bad loans because .",-1
MORGAN STANLEY: Here Are 42 Stocks That'll Thrive Even If The Economy Gets .  companies they believe will grow irrespective of fluctuations in the business .,1
These Were the 6 Major American Economic Crises of the Last Century,-1
CREDIT SUISSE: These 7 Stocks Will Rise With The Machines,1
Stock Pros Who Survived the Depression,1
How the company and local officials flesh out plans for the new corporate presence will be crucial to the economic lift it produces.,1
.  about the mid-term prospects for the global economy and the current corporate earnings season. Tokyo stocks extended Friday's 21-year high following strong .,1
"Here's why FANG stocks will get stronger even in a slow growth economy, .  this high-beta, high-growth stuff, companies that are investing in their businesses.",1
U.S. President Donald Trump's decision to delay raising tariffs on $200 billion worth of Chinese goods has helped push global stock markets broadly higher as investors hope for a resolution in the trade war between the world's two largest economies.,1
Zombie stocks: Trading often goes on after companies stop filing SEC .,-1
Human capital' stocks come to life as the economy nears full .,1
"The Trump administration is expected to indict hackers and roll out import restrictions out of concern that Beijing will not easily change its trade, cyber and economic practices.",-1
"The World Economy Just Can’t Escape Its Low-Growth, Low-Inflation Rut",-1
"Global stock markets tumbled in August and earlier in September due to concerns of a slowdown in China, the world's second largest economy. Investors are .",-1
The last official snapshot of the economy before Americans vote on Tuesday offered another reminder of the labor market’s persistent strength.,1
"On a personal level, company executives worry about stock price, because .  short sellers destroyed a perfectly good company or did the economy a favor by .",-1
"Fewer taxpayer calls are being answered and wait times are longer, a new report finds.",-1
Nikkei index highest in over 20 years,1
"The newest jobs numbers are expected to show healthy gains, and Detroit automakers will report sales for August.",1
Depression and suicide rates rose alarmingly during the debt crisis as the country cut wages and health services and increased taxes.,-1
Wall Street's three major indexes fell slightly after a choppy session on Tuesday as investors eyed mixed U.S. economic data and corporate news and waited for clarity on issues such as the U.S.-China trade talks.,-1
"Behind the Clash Over Italy’s Budget, a Fear of Populism",-1
Ex-Autonomy CEO Lynch denies new U.S. charges against him,-1
"U.S. stock prices are outpacing those in most other regions to start 2019, but the gap is narrow and some investors are eyeing potential catalysts to tip the scales to the rest of the world.",-1
"Unfortunately, like most emerging market nations, Turkey's economic boom has devolved into a dangerous bubble that is similar to the bubbles that caused the downfall of Western economies just six years ago.",-1
Malaysia seeks $7.5 billion in reparations from Goldman Sachs: FT,-1
"Donald Trump's Pro-Business Stance Inspires, But Economic Growth .",1
China’s Slowdown Looms Just as the World Looks for Growth,-1
Stock markets wrap up best year since 2013 as investors shrug off bad .,1
Global stock indexes slide as U.S. government shutdown looms,-1
Federal revenues rose slightly in the 2018 fiscal year. But that doesn’t mean the $1.5 trillion tax cut is bringing in more revenue than it’s losing.,-1
"Japanese prosecutors arrested Nissan's ousted chairman Carlos Ghosn for a third time on Friday, accusing him of aggravated breach of trust in transferring personal investment losses to the automaker.",-1
"There were previous indications that Apple's sinodependency wasn't causing the company as much harm as had been feared, despite China's economic issues.",1
"Nobody knew, as the stock market imploded in October 1929, that years of .  that would only come with an upturn in the business cycle at the end of the year.",-1
"Egypt's stocks close down on Wednesday amid Arab, foreign selling",-1
"Nike Inc shares rose 9 percent on Friday, after the company's solid quarterly results eased worries that escalating trade tensions between Washington and Beijing would weigh on China demand and hurt the sportswear maker's growth story.",1
"Longer term, rebuilding and postponed business activity will make up much of the .  and the capital stock that emerges will prove more economically useful and .",-1
Sovereign Wealth Funds Embrace Their Growing Ambitions,1
"Despite talk that the dollar was losing dominance, it has only gained stature, reinforcing President Trump’s power to dictate foreign policy.",1
China refuses to concede on U.S. demands to ease curbs on tech firms: FT,-1
"Ford Motor Co said Friday it is recalling 874,000 pickup trucks in North America with engine block heaters for fire risks.",-1
"Stocks began their rally against a bleak economic backdrop back in . . own are large-company stocks, especially large technology companies,"" . ",1
A proposal to restrict stock buybacks is the latest push by party leaders to force corporations to spend more on workers.,-1
U.S. President Donald Trump said he had asked China to immediately remove all tariffs on U.S. agricultural products because trade talks were progressing well.,1
Opinion: Donald Trump was a stock market disaster,-1
Stock Indexes Fell on the Fed's View on the Economy. .  while growth of business fixed investment has moderated from its rapid pace earlier in . ,-1
Can 'Fake News' Impact The Stock Market?,-1
Stocks fell Monday after weaker-than-expected economic data and as US-China trade optimism cooled. Financial markets had been higher . ,-1
"Investors face a “cataclysmic year” where stock markets could fall by up to 20% .  a severe slowdown in the Chinese economy and a fall in the value of the yuan, .",-1
"Best Buy shares surge 16 percent on upbeat profit view, robust holiday quarter",1
THE BIG QUESTION: Are Retiring Baby Boomers About To Crash The .,-1
"General Electric Co has too much debt and needs to reduce it ""thoughtfully and soon"", Chief Executive Officer Lawrence Culp said in a letter to shareholders on Tuesday.",-1
"[As stocks tumble, U.S. wonders: Is this economy as good as it gets?] .  The Standard & Poor's 500-stock index was off 3 percent Wednesday.",-1
Uniqlo and Theory's parent company has a stock price that is going nuts,1
"Shares in Air France-KLM fell sharply as the Dutch government amassed a 14 percent stake in the airline to counter French influence, in a surprise move highlighting tensions over the company's strategic direction.",-1
"This is the first time in the history of mankind that we are setting ourselves the task of intentionally, within a defined period of time, to change the economic .",-1
Business and conservation needn’t be opposed to one another. Government regulation to preserve the environment can unlock private sector wealth.,1
"Walking a narrow line between signaling interest rate intentions and vowing to be nimble in response to changing conditions, he helps prompt a stock sell-off.",-1
"That's seven times the growth rate of the U.S. economy. .  for their livelihood (such as workers at retailer GameStop or rent-by-mail company GameFly), and the .",1
"On Friday, the Nasdaq Composite closed almost 22 percent below its record high daily close on Aug. 29, signaling a nearly nine-and-a-half year bull market run for the index ended in late summer.",-1
"Car and parts makers should be able to adapt to changes negotiated with Mexico without undue expense or disruption, analysts say.",1
"Macron, With Popularity Slumping, Tries Tax Cuts for France’s Working Class",1
"British entrepreneur Mike Lynch vigorously denies new U.S. criminal charges against him, his spokesman said on Saturday ahead of a court case over the sale of his firm Autonomy which will begin in London next week.",-1
World stock markets end a tumultous year well down,-1
Japan plunge spooks global markets,-1
"Stocks: South Sea Company, British East India Company, Dutch East India .  more likely in an economic crisis, and this can accentuate the economy's problems.",-1
"Bayer's $63 billion purchase of U.S. seeds maker Monsanto made its mark on the German company's fourth quarter earnings on Wednesday, lifting profit and boding well for the peak season of its enlarged agriculture business.",1
"FedEx partners with Walmart, Pizza Hut to test last-mile delivery robot",1
Tesla settles in cash $920 million convertible bond obligation,-1
China Offers Trump a Trade Peace Deal. It May Not Be Enough.,-1
China's rollercoaster stock market has provoked panic in recent weeks: panic on the .  halted trading in their stocks to prevent the value of their businesses falling further. .  Former BBC correspondent Linda Yueh is a Fellow in Economics at St .,-1
Fed's Powell says 'no rush' to hike rates in 'solid' but slowing economy,-1
Stock markets fall again as bank shares tumble,-1
Robert Samuelson: Has the next economic bubble arrived?,-1
Positive Economic Reports Push Dow Up 150 Points,1
Bear Flag: Will Stock Markets Panic?,-1
"Financial markets will put a price on anything. They are trying to assess Britain’s looming exit from the European Union and the effects of political conflict in the United States, our columnist says.",-1
"The European Union fended off the challenge of Greek debt, but doing so with the Italian budget crisis could be much harder.",-1
"How 9/11 still affects stock, bond investors",-1
"Interest Rates Likely to Rise in December, Recap of Fed Meeting Shows",-1
How a ‘Monster’ Texas Oil Field Made the U.S. a Star in the World Market,1
Don't Hide From The Reality Of How Terrorism Affects The Economy,-1
Picking Stocks to Keep Ahead of Inflation,1
Crude refusal: China shuns U.S. oil despite trade war truce,-1
"The United States wants meetings as regularly as once a month to ensure enforcement of any potential trade pact with China, U.S. Trade Representative Robert Lighthizer said on Wednesday.",1
Volkswagen deepens cloud computing partnership with Microsoft,1
"Silicon Valley billionaire Elon Musk laid into the U.S. Securities and Exchange Commission again on Tuesday, after it accused the Tesla Inc chief executive officer of violating the terms of a settlement last year of fraud charges against him.",-1
"By Rich Barbieri and Nathaniel Meyersohn, CNN Business . . Trump administration sent out confusing signals about markets and the economy.",-1
Morici: Economic Impact of Hurricane Irene,-1
"Billions of dollars of pre-election spending by the Indian government and political parties in the next two months is unlikely to stop the nation's economy from slowing further, economists said.",-1
Stocks sink after economic data disappoints,-1
"The year 1992 will go down in the history of India as the year of the stock market scam. Harshad Mehta, a broker known for his rags-to-riches story and a poster .",-1
What does China's stock market crash tell us?,-1
"Canada’s main stock index rose on Thursday, boosted by gains in shares of metal miners fueled by rally in gold prices.",1
Offshoring Work Is Taking a Toll on the U.S. Economy,1
"“I want to make some money from the stock market and use the profits to restart my manufacturing business later, when the economy turns for the better.”.",1
U.S. wants regular meetings to ensure trade deal enforcement: Lighthizer,1
"Nasdaq in bear market, first of the three major U.S. indexes",-1
"The Federal Reserve is listening to the concerns of markets and open to changing its policy views next year, one its most influential members said on Friday, even while he stood by plans for interest-rate hikes and further paring of the Fed's bond portfolio.",1
Mexico: Surprising Land Of Opportunity,1
The S&P 500 and the Dow Jones Industrial Average snapped a three-day run of losses on Friday as optimism about the prospects for a U.S.-China trade agreement countered downbeat U.S. and China manufacturing data.,-1
"A proposal to tax wealth finds support across party lines, along with the premise that the government should combat inequality.",-1
"The recent economic picture in Canada can hardly be called rosy. The country lost more than 31,000 jobs last month, our trade deficit is at a record high, the .",-1
"Monetary policy refers to the strategies employed by a nation's central bank with regard to the amount of money circulating in the economy, and what that money .",-1
U.S. goods trade deficit deteriorates; factory orders edge up,-1
Pessimism Looms Over Prospect of a Sweeping China Trade Deal,-1
"Ford Motor Co's joint venture with China Changan Automobile Group has decided not to renew its contract with some agencies supplying it with workers, as carmakers struggle to cope with slumping sales in China.",-1
"Deflation, Not Inflation, May Be Big Threat to Economy",-1
Census Bureau statistics show that about three-fourths of U.S. business sectors .  Almost all of the gains in the stock market come from these few corporations.,-1
"Teenagers, Forget Engineering. Your Future Is Craft.",-1
"If you're going to worry about the economy, tumbling stocks are the least .  business network CNBC, proclaimed, “There's no recession coming.",1
The Fed released minutes of its January meeting showing officials continued to express confidence in the economy but saw enough warning signs to warrant a pause in rate increases.,-1
"The European Union should set up a police force to investigate tax evasion and financial crime and create a watchdog to counter money-laundering, EU lawmakers said in a report on Wednesday, which accuses seven member states of acting as tax havens.",1
Turkish watchdogs to probe JP Morgan after lira plunge,-1
"An A- for the U.S. Economy, but Failing Grades for Trump’s Policies",-1
Wall Street Is Battered by Worsening Economic Outlook in China,-1
"Federal work is an anchor in many local economies, offering security and benefits increasingly rare in the private sector and a route to the middle class.",-1
Financial crisis caused 5000 suicides,-1
Dollar rallies from post-Fed losses as U.S. shutdown likely,-1
"Japan's economy unexpectedly shrank for the second consecutive quarter, leaving the world's third largest economy in technical recession.",-1
"Italy Slides Into Recession as Europe Stalls, Stoking Global Fears",-1
Investors will be looking for a turnaround plan from G.E.’s new chief. Data on the eurozone’s economy is due. And Facebook’s earnings will come with data on its user numbers.,-1
"The global economy is becoming a more integrated and competitive neighborhood. Driven by new investments and the jobs that come with them, the expansion of the global economy into coordinated production and supply chains brings both benefits and opportunities.",1
"President Trump said there was a “very, very good chance” of a trade deal with China being reached when he meets with the Chinese president in March.",1
"The average fuel economy of new vehicles sold in December 2015 was 24.8 mpg .  and Urban Analysis at George Washington University, told Business Insider.",-1
Changes to the Community Reinvestment Act would allow financial institutions to skirt rules on lending to poor and minority areas.,1
Capital has moved into every economy and every sector with signs of stability and .  Snapbacks in the rupee coincide roughly with stock market recoveries.,1
"Exclusive: Bangladesh says to collect, test samples of Johnson & Johnson Baby Powder",-1
"Consumers and businesses delay buying expensive items like homes or cars because they believe these .  As a result, spending and economic growth slows.",-1
"The Canadian government, as expected, on Friday approved extradition proceedings against the chief financial officer of Huawei Technologies Co Ltd, prompting a furious reaction from China.",-1
"Stocks rise on earnings, economic reports",1
"Moreover, without strong economic growth to cushion it, the market likely will . . “China developed a business model based on reinforcing the worst aspects of .",-1
Many listed stocks currently undervalued,-1
"New York (CNN Business) Wall Street was a winner's circle this quarter. The market surged on hopes that the US economy and corporate profits .  And big tech stocks, including the favorite FAANG fivesome of Facebook (FB), . ",1
"SoftBank Group Corp is nearing a deal to invest $1.5 billion in Grab, three times a previously expected $500 million, as Southeast Asia's biggest ride-hailing firm looks to expand, a person with knowledge of the matter said.",1
STOCKS TSX rises 0.14 percent,1
India’s Leader Is Accused of Hiding Unemployment Data Before Vote,-1
Why Canadian stocks are doing so well when the economic data has .,-1
Why The Worst Is Still Ahead For Turkey's Bubble Economy,-1
"Just like the world's mania for tech stocks in the 1990s, this boom is headed for a .  on businesses and consumers and act as a profound drag on the economy.",-1
What the Boston Bombing Means for the Economy and the Stock Market,-1
"As Wall Street braces for what may be the first U.S. profit decline since 2016, investors say the first quarter may not mark the low point for 2019 earnings.",-1
Six reasons why our stock markets are no longer fit for purpose,-1
"Qatari, Chinese and Japanese investors all sought ""extras"" from Barclays as the British bank raised billions of pounds at the height of the credit crisis in 2008, a landmark London criminal trial heard on Wednesday.",-1
U.S. says rejects WTO's 'straitjacket' of trade obligations,-1
"US stocks suffered one of the worst weekly falls in a decade as trade .  The Fed also cut its forecasts for economic growth in 2019 to 2.3%, . ",-1
"Despite Weak Spots, E.U. Economy Is Not Nearing Recession, Mario Draghi Says",1
Markets dive as China manufacturing weakens in bleak start to 2019,-1
Here's How The Overseas Markets Affect Australian Stocks,-1
Trump Approach on Nafta Relieves Automakers’ Worst Fears,1
"Large cap stocks are far more liquid and are often the destination for funds .  in the business cycle, we believe the economy is generally in better shape now.",1
"Presidents love to take credit for a rising economy and stock market, and Donald .  ""the president's impact on the stock market and business cycle is minimal.",-1
"The largest bank in Europe lowered its stance on Singapore stocks to .  bases for global banks and major businesses seeking opportunities in Asia. .  focus on the domestic market have failed to lift the economy, the bank said . ",-1
